Sof,6012,V3C
Enter name on parcel,Enter your Phone Number,Your preferred address (if not listed)
Sof,6012,V3C
Sof,60123,V2C
ael,6012,V2A
nanami,97412,V5B
Sof,60123,V2B
Sof,6012,V3D
zico,6012,V3C
Nana,60123,V3A
mimo,1234,V2
Nad,601245,V1A
Haru,60127,V5K
chop,60124,V2
vivian,6124,V1A
lilac,14384,V2
sof,6012,V3D
lana,6015,V1A
lana,6012,V2A
Enter name on parcel,Enter your Phone Number,Your preferred address (if not listed)
Sara,6013,V1A
Enter name on parcel,Enter your Phone Number,Your preferred address (if not listed)
sof,6013,V2A
sof,6012,V2C
sof,5012,V1B
Name,Phone Number,Address
Enter name on parcel,Enter your Phone Number,Your preferred address (if not listed)
